01045affa3171ecf1f3c29bbe54a892a	gb|KX009088.1|	86.878	94	1	217	139	358	221	8.39e-64	243
015b14811b5dce087d1b35fb6a82207c	gb|AF444542.1|	100.000	100	1	230	205	434	230	7.76e-119	425
019d812aa553fbb3888e33358993a129	gb|MH861153.1|	98.214	97	1	224	176	399	224	7.87e-109	392
028aba5cf99055a79a0040ed15c96c93	gb|KC343220.1|	98.261	100	1	230	236	465	230	3.64e-112	403
029249770ceacc1092d1d35936a6ffec	gb|DQ494363.1|	99.286	61	1	140	209	348	140	3.88e-67	254
02b2f50627247cbbd4e769db6b84f343	gb|OL709435.1|	93.913	100	1	230	215	442	230	6.22e-95	346
02c0c9bf30eedac7d91812e4fc196b14	gb|MH327796.1|	97.391	100	1	230	238	467	230	7.87e-109	392
02d84fe410b803fdd7c64eaf893f7bf5	gb|EU878192.1|	94.928	60	1	138	243	380	138	5.09e-56	217
0322bc79ce739ea357dcf5501da6caf7	gb|KC346350.1|	99.565	100	1	230	202	431	230	3.61e-117	420
032c90bf80a2342648dc0fd18e3c432a	gb|KF951791.1|	100.000	100	1	230	210	439	230	7.76e-119	425
03415e47b71669317414f821ede36dce	emb|LR598892.1|	99.565	100	1	230	225	454	230	3.61e-117	420
03ec434864da6489e8ff5ed27c600d80	gb|MZ064426.1|	99.565	100	1	230	202	431	230	3.61e-117	420
03f6ea5f2a015c9fc480ee862500efa8	emb|LT985878.1|	96.567	100	1	230	232	464	233	4.74e-106	383
0443c7354925e24d8506457e2a2a4433	gb|MG926694.1|	99.130	100	1	230	309	536	230	6.04e-115	412
04a0e9835fd26f8b02de2ee98209e879	gb|AY720709.1|	98.529	59	1	136	252	387	136	3.02e-63	241
04d060397cd0f6bab9e64c99b74872f1	gb|KJ474838.1|	95.312	56	1	128	202	329	128	3.96e-52	204
04fa9d08dfe49ef8de1e2e6a012880ea	gb|DQ485617.2|	96.403	60	1	139	289	427	139	6.53e-60	230
0503cddb2b3dbb910d3927bf7092fa01	gb|MN994585.1|	97.391	100	1	230	236	464	230	2.83e-108	390
051725b7ab1330beed3e8a21f6c7ec04	gb|JQ435790.2|	96.522	100	1	230	1042	1271	230	1.70e-105	381
05753e7a559a2d31cd68449b5aa638cf	emb|LM652397.1|	100.000	100	1	230	233	462	230	7.76e-119	425
05ca58e6c5e62379f75b6fd19dcc77d3	gb|KF251163.1|	98.696	100	1	230	240	469	230	7.82e-114	409
05cd0b65c3cc9c5d9ac03c186a7e13a4	emb|CAEVNN010001171.1|	89.316	100	1	230	1939	2168	234	3.82e-77	287
063bd49e677b919e694e5f301b819271	gb|KX998904.1|	95.726	100	1	230	299	530	234	1.03e-102	372
066bbe8cf90b9e779032296796363a25	gb|MH327796.1|	92.638	71	1	163	238	400	163	1.40e-61	235
067709c09293334d5d6eed4a8588dff1	gb|KF732443.1|	99.565	100	1	230	317	545	230	1.30e-116	418
06b81d337bdcd44323859340fd3f897a	emb|LN834431.1|	100.000	100	1	230	201	430	230	7.76e-119	425
07a974c25b52310c36c557381a9847e0	gb|FJ008052.1|	93.833	97	1	224	183	409	227	1.04e-92	339
07aa726820aa214817744057daf20b66	gb|MN017028.1|	82.946	56	1	129	216	344	129	5.31e-26	117
07ff256831a2665d44d6dd60173fc6bd	gb|DQ885906.1|	95.652	100	1	230	319	548	230	3.69e-102	370
08401253daafec8e7e777d50efd6bceb	gb|KU728518.1|	97.688	75	1	173	232	404	173	1.77e-80	298
0860a9a3c7e99af51e06405bdd1c74cc	gb|KT215250.1|	95.671	100	1	230	564	792	231	1.33e-101	368
08f112efc85d84f2fc65fc5d32e38c44	gb|AY997028.1|	92.537	58	1	133	190	323	134	3.08e-48	191
0950b63e19a3dbb371b70baf5fcc98f0	gb|MT380877.1|	88.085	100	1	230	143	374	235	1.07e-72	272
09623591834e529425b5fcecd4707af9	gb|EF585646.2|	97.656	56	1	128	267	394	128	3.93e-57	220
096460ec4df4872c2f2bee76a45f5fd1	gb|KP728828.1|	90.476	100	1	230	223	450	231	1.37e-81	302
09b5726578b1a2d78c751a27f8d92254	gb|AY997057.1|	89.583	41	1	95	340	434	96	4.10e-27	121
09dab2e4993bfdd65d72ba44d35ed7db	emb|FR667220.1|	94.372	99	1	229	201	428	231	4.81e-96	350
0a04fe51d46d9ca50a2f95551251f93c	gb|JN206387.1|	95.489	58	1	133	208	340	133	6.58e-55	213
0a8667cd493ca300e1450a299e9a92df	emb|LT985878.1|	96.537	100	1	230	232	462	231	1.70e-105	381
0b0b5aa4b13cc3bcc39d8a88bc2bb883	gb|KC346350.1|	100.000	100	1	230	202	431	230	7.76e-119	425
0c116b5de45d39c537eca16de613e672	dbj|AB250779.1|	100.000	100	1	230	207	436	230	7.76e-119	425
0c31359295cb9c0304f82a2273433d04	emb|AJ430147.1|	95.652	100	1	230	191	418	230	1.33e-101	368
0c31a725c1dc7cae9808e52e0fc03ec1	gb|KJ710461.1|	89.593	96	1	220	245	463	221	2.30e-74	278
0c984cb962339090a07629daefb9f6dd	emb|FM992389.1|	89.381	96	1	220	378	601	226	2.30e-74	278
0cbb52aa7bfad1b4835178721328ebb5	gb|MK484066.1|	88.770	80	1	183	193	376	187	1.09e-57	222
0cbff70e7681f50fb825312a5a42ed2e	gb|MK764023.1|	97.826	100	1	230	324	553	230	1.69e-110	398
0d69cd60a971ee62282e1a5ebc52d189	gb|JX669817.1|	94.904	67	1	153	163	319	157	8.39e-64	243
0f3014a571b19737f0a7f41d63d2fe22	gb|KY979757.1|	100.000	100	1	230	249	478	230	7.76e-119	425
107a9ca3e84005adeaeb8ae5a6fb087b	gb|MH275074.1|	93.478	100	1	230	186	410	230	3.74e-92	337
10f9b26edd4fbe73386445b4902725ae	gb|MN758892.1|	94.500	87	1	200	165	364	200	8.16e-84	309
1126f5690c8008b002a8f8bdbf80f72e	gb|HQ630285.1|	95.489	58	1	133	209	341	133	6.58e-55	213
115833a993075a43a39af6ee3a6f9d62	emb|FM992397.1|	90.547	86	1	198	376	573	201	2.32e-69	261
116f406a084d02d114c39cc610f69e85	gb|AF444567.1|	83.465	53	2	122	190	316	127	6.87e-25	113
12c3ea83a60fea31f0142342bd1615c0	emb|FM992388.1|	93.750	63	1	144	375	517	144	1.83e-55	215
130e51fe6f615f428508454f24c1247c	gb|KY352465.1|	96.732	66	1	152	175	326	153	3.88e-67	254
1315bd9acb5d42109095d19e2dee30fd	gb|KT161737.1|	89.000	43	2	100	24	122	100	1.14e-27	122
13256b1d59ffffdb09977482bc6c7319	gb|AY997067.1|	95.312	56	1	128	155	282	128	3.96e-52	204
13336e981032f14def643f6edbe8b5fe	gb|AY943061.1|	88.696	100	1	230	187	416	230	1.78e-75	281
13973f61e93b85f773a5e91664ac3bd0	gb|KJ676978.1|	87.597	54	1	124	202	330	129	2.43e-34	145
13d96b2541fdac89895b2a3ac4d2c26d	gb|FJ150906.1|	100.000	100	1	230	209	438	230	7.76e-119	425
144fbfa8dc61153770e5864a2bbf5f0d	emb|LT623228.1|	96.000	97	1	223	244	466	225	6.17e-100	363
14737a747a69b14c8190f3a0e5857055	gb|DQ494371.1|	95.679	70	1	162	257	418	162	2.32e-69	261
1473cd70981ccf0c61a09cfc9eccaa83	gb|KR476729.1|	93.210	70	1	162	231	391	162	3.90e-62	237
14a99dc08d9e794dbb094f7c4b84fa88	gb|MH327807.1|	92.511	99	1	227	236	454	227	1.36e-86	318
153266fff009158040cc806be58e78bd	gb|DQ485617.2|	96.403	60	1	139	289	427	139	6.53e-60	230
155e1d9bf846e58877bac0c0007fe3ba	gb|AF444567.1|	83.465	53	2	122	190	316	127	6.87e-25	113
156d4518b44400d7d20eb2e901c4a8f6	gb|EU379213.1|	93.878	64	1	147	251	396	147	3.93e-57	220
1604d37d03da15ebd6582434049da32e	emb|FR750364.1|	89.908	93	1	214	406	621	218	8.27e-74	276
1647c94b6511591268869526e1549225	gb|JX069868.1|	88.889	70	1	161	231	392	162	1.84e-50	198
167e61af76c2d435e6110f3d15392ddc	gb|KY104699.1|	89.922	56	1	129	176	304	129	5.20e-41	167
1791060269380969289fd4a7fb87272f	emb|LR596344.1|	97.945	63	1	145	348	492	146	1.39e-66	252
17bc0c303221cfc5be3313a51218a802	gb|MZ611675.1|	89.270	100	1	230	274	503	233	3.82e-77	287
18b5fc332ddd6bdb62ef0316c7479c74	gb|MT730893.1|	79.310	60	1	139	2105	2244	145	3.22e-18	91.6
1954d4daaed02595c470ce48a8701eee	gb|AY015432.1|	88.550	56	1	128	205	332	131	4.04e-37	154
199d8f12ab1129ef3086524cf0079850	gb|MF964321.1|	98.690	99	1	229	242	470	229	2.81e-113	407
19eb00d1e73c1c43372d65e8cdb1d127	emb|CAEVNN010001171.1|	86.758	95	1	219	1939	2150	219	3.90e-62	237
1a0fff4679f58aee29e9127b89781115	gb|MG012699.1|	96.087	100	1	230	217	444	230	2.85e-103	374
1a73d0a221721e65327d14905fce814c	gb|EF585646.2|	96.875	56	1	128	267	394	128	1.83e-55	215
1a758c2e547b407ad2b3db5202367fe0	gb|KP004448.1|	99.130	100	1	230	244	473	230	1.68e-115	414
1ab06a780ca06eca7df927d92a7f1a56	gb|EF585646.2|	97.656	56	1	128	267	394	128	3.93e-57	220
1ac5cf2a315c4c7342663c6658212d70	gb|KJ869130.1|	97.403	100	1	230	261	491	231	7.87e-109	392
1af6e684141e03f632ee2de9919f4527	gb|KP744516.1|	90.000	99	1	228	225	453	230	2.28e-79	294
1afdf7fcfa442af39304a6a544796615	gb|KY104699.1|	89.922	56	1	129	176	304	129	5.20e-41	167
1b4b3eb4c742dd35de32cb62cf702f3a	emb|LR596344.1|	86.831	100	1	230	348	587	243	3.00e-68	257
1b4eb0364b453c5344aed5d75ed879c1	gb|OK664723.1|	97.391	99	1	229	204	430	230	1.02e-107	388
1b7a960eb066109b344a291c6bbc3da2	emb|HE610331.1|	99.130	100	1	230	202	431	230	1.68e-115	414
1ba099cb23b110086a61545283f8c913	gb|JN943809.1|	95.946	64	1	147	475	622	148	1.09e-62	239
1bda055d178a44c270c1e3f1b66b12db	gb|MK391518.1|	86.580	100	1	230	242	470	231	1.39e-66	252
1c7467f720c07e7ea203a3eb7fc2b4e5	gb|AF347033.1|	100.000	100	1	230	198	427	230	7.76e-119	425
1c77f6951849c1157cd088b813f59874	gb|MW063171.1|	92.704	100	1	230	245	475	233	1.74e-90	331
1ca856ec9a91176dfb0d654b67533d8f	gb|MN758892.1|	98.696	100	1	230	165	393	230	2.81e-113	407
1d51e1939ac2692235db42cfd9a3b7e4	gb|AF444540.1|	97.403	100	1	230	212	442	231	7.87e-109	392
1d6719e98e45e1bfaaa6356e2b57d10a	gb|KT215284.1|	93.789	70	1	161	579	738	161	3.02e-63	241
1d903a08b3994ecfc786d3624ffa805a	gb|MH859709.1|	95.092	69	1	159	234	394	163	1.39e-66	252
1e0f505789d89defc883837db99a42df	dbj|LC095213.1|	93.534	100	1	230	195	425	232	8.04e-94	342
1e1a1beff1aba870102b7743d9d5ba0d	gb|MZ611656.1|	93.478	99	1	229	278	506	230	2.89e-93	340
1ef9f2b30fa6a90ee3314250324c96eb	gb|MK305901.1|	90.435	99	1	229	260	487	230	4.91e-81	300
1f481535a0f6bc49781efc82f0e0e216	gb|KY104699.1|	89.922	56	1	129	176	304	129	5.20e-41	167
1fe8efb23e1e6e0ab54ba796b9e678a7	gb|KM086844.1|	90.164	53	1	121	281	397	122	4.04e-37	154
1ff4ca51dd3598e197a9800149a7f2e5	gb|KY498603.2|	96.026	66	1	151	286	434	151	2.33e-64	244
1ff5df7bec9e2a3c9999a4e65f8dcc76	gb|JX681046.1|	99.138	100	1	230	229	460	232	4.67e-116	416
20152bd91d3a3c2fed2e97c43e7d1949	gb|MW991427.1|	95.175	99	1	228	239	465	228	7.99e-99	359
20305932670d9f543565cf08820e5022	gb|EF585646.2|	96.875	56	1	128	267	394	128	1.83e-55	215
206e264d6a4ca9e1466b89462f548bf5	gb|AF444566.1|	89.565	99	1	227	195	422	230	3.82e-77	287
207ad4640f59792abd931ca83d0dbc76	gb|DQ494363.1|	96.815	68	1	157	209	364	157	2.32e-69	261
20a13b3cb1ec076180672eecc2b7d0d2	gb|KP986516.1|	93.421	97	1	223	209	435	228	4.84e-91	333
20b8d7f5b7e04e00365d1fda4ab36314	gb|KF631364.1|	89.130	40	2	92	257	348	92	6.87e-25	113
20f0143352928df5584bfb3af8275807	gb|KP769975.1|	99.130	100	1	230	245	474	230	1.68e-115	414
217410db84874d6592017b0ceb1b8838	emb|FN547485.1|	99.134	100	1	230	424	654	231	1.68e-115	414
21ad7bfc8b86bd7c9d9be5da2f911866	gb|MK660493.1|	98.268	100	1	230	309	539	231	3.64e-112	403
21bebb989baa6774074d1cc42a240a4e	gb|GU237763.1|	100.000	100	1	230	169	398	230	7.76e-119	425
22ac420b78b598d03cd0071e94eb79a2	dbj|AB030327.1|	88.372	56	1	129	207	334	129	4.04e-37	154
22ad4f45a727c405c069ca1fa59dca09	gb|AY997055.1|	95.804	62	1	143	196	338	143	1.82e-60	231
2307606ce8e53eb2f8757c4c7f8712a8	gb|MF510830.1|	94.904	67	1	155	136	292	157	2.33e-64	244
23966b0bec294e8a3799c05ef48def6c	gb|JN205841.1|	85.106	41	2	95	250	343	94	6.91e-20	97.1
23cacc32333c2e97135e3d8e28ca5a25	gb|JN206387.1|	96.992	58	1	133	208	340	133	3.04e-58	224
23d2f81f251524866621eb97c39a68a2	gb|KR476729.1|	93.210	70	1	162	231	391	162	3.90e-62	237
2456517240ab4ec483bf669267301bbe	gb|AY943061.1|	100.000	100	1	230	187	416	230	7.76e-119	425
248cac4c39dcf23a6be6dbf4dca00159	gb|DQ278931.1|	92.793	96	1	220	276	496	222	1.36e-86	318
2612030805db68d3f446e101f35e4b1f	gb|AY997067.1|	95.312	56	1	128	155	282	128	3.96e-52	204
26bce610cd944bff595c1d98ba4197cb	gb|GU237720.1|	100.000	100	1	230	169	398	230	7.76e-119	425
26c5a510e6d1331cbcdf231e93952f9c	gb|AF050281.1|	90.948	99	3	230	600	370	232	2.93e-83	307
26f379a48dd1d6896e3da89a31f91b1b	gb|HQ630346.1|	96.070	99	1	229	205	429	229	3.69e-102	370
2738c36f507c2c15383b3f661d0cb32a	emb|FM992389.1|	88.053	96	1	220	378	601	226	2.32e-69	261
274127de7b5a1e2b41e622cbec62d8ff	gb|MH858198.1|	95.522	87	1	201	207	406	201	3.77e-87	320
2797d83086de320a2c05292c72c16571	gb|MK050440.1|	94.372	100	1	230	1991	2221	231	3.72e-97	353
28139455e0b4fe459f9cdf92338129c3	gb|HQ650709.1|	96.403	60	1	139	256	394	139	6.53e-60	230
286e86eaa6578b4d8b7c6ae13bc79b95	gb|HQ630285.1|	90.625	54	1	125	209	336	128	5.20e-41	167
28c0d12e14a0c8bf1dc435b3a9d56536	gb|DQ317636.1|	92.969	56	1	128	203	330	128	3.99e-47	187
28c36963f90b3232867534048b2f6686	gb|MT981606.1|	91.813	74	1	170	209	378	171	3.90e-62	237
28f2c6f0624c685c15ec1014c3b3fd13	gb|MH827070.1|	96.087	100	1	230	257	484	230	2.85e-103	374
29b2310387f4d7f672d3ddad64cb7ec1	gb|MW632951.1|	93.450	99	1	229	255	483	229	2.89e-93	340
2a081b4893551587e14fbc37efd35bb1	gb|MH327800.1|	92.641	100	1	230	232	458	231	2.25e-89	327
2a09d60235e6d5ce32879e5c03697a67	gb|KF467155.1|	99.565	100	1	230	243	472	230	3.61e-117	420
2aebfb366f2f09cef9d4074515720663	dbj|LC146748.1|	98.611	63	1	144	205	348	144	1.08e-67	255
2bc0c63f066f2e02ab50f9a45cd00509	emb|FM876788.1|	94.043	100	1	230	385	618	235	1.34e-96	351
2bfd250faec22ba9a05332e681f12ef6	gb|KP641179.1|	100.000	99	1	229	231	459	229	2.79e-118	424
2c6b5a7da089268824b9b027b805a406	gb|JX315660.1|	100.000	100	1	230	211	440	230	7.76e-119	425
2d5c75ea8afa3cec8aacabb6c1156fd2	gb|KF777182.1|	95.690	99	1	228	273	504	232	3.69e-102	370
2dcf0f3f196174fdb095d061323b6ede	gb|MG593539.1|	98.571	61	1	140	316	455	140	1.80e-65	248
2e05386f3739815eb54367981c971859	emb|FM992388.1|	96.226	69	1	159	375	532	159	8.33e-69	259
2e2d82131b0c3862e8f870f9e6257390	gb|HQ630350.1|	97.391	100	1	230	182	411	230	7.87e-109	392
2ea980b552922a1f308c7055cd96708e	gb|EF585646.2|	97.656	56	1	128	267	394	128	3.93e-57	220
2ebcea6675f350c617f8abde5f72688b	gb|MG136761.1|	84.615	56	2	130	351	478	130	8.82e-29	126
2f1300346d76d281a1e08849610c6838	gb|MH327796.1|	97.826	100	1	230	238	467	230	1.69e-110	398
2f726f987399f808276228e17179f63e	gb|JN943809.1|	96.026	65	1	150	475	624	151	2.33e-64	244
2fa47c0fb6f1c792d3668f4ef066ee32	gb|JF740205.1|	93.868	92	1	211	201	412	212	1.36e-86	318
2fec5329f5420789e9fe9fa05a0d6d66	gb|MN114116.1|	89.744	100	1	230	209	439	234	8.22e-79	292
308e58ba71809279a68eec5dc1d7a193	gb|ON603776.1|	93.133	100	1	230	224	454	233	3.74e-92	337
30e63edc6146c61c215109b626d5b854	gb|DQ485642.2|	95.652	60	1	138	217	353	138	3.93e-57	220
3198fcdaebf3221a688a0079105c312a	gb|KC455903.1|	96.087	100	1	230	169	398	230	7.93e-104	375
319b9c574075b37d521e73a201ef0818	gb|FJ824769.1|	93.103	100	1	230	257	485	232	1.35e-91	335
3224cec32409b442dc120da4b9b4dbb9	gb|GQ154547.1|	96.354	83	1	191	199	388	192	6.31e-85	313
333c76c39df47097b84c95d943322c88	gb|AY997089.1|	85.870	40	2	93	361	452	92	1.92e-20	99.0
339de6a21103ac63d47a2ca091175c46	gb|MH860561.1|	92.735	100	1	230	221	454	234	1.35e-91	335
33ceb9a3b2d0c0ebe4c064ede58ad5d7	gb|KF036587.1|	90.000	100	1	230	178	403	230	2.28e-79	294
3416dbdc1bfd92ee8e0ca660bf597819	gb|JX069868.1|	88.272	70	1	161	231	392	162	8.57e-49	193
3429b9e50458864ab886dd9337a9e461	gb|KF717582.1|	95.333	65	1	149	312	461	150	3.90e-62	237
34776d76ac37f2a4bc4d8bfd763ff6a3	gb|MH327825.1|	100.000	100	1	230	191	420	230	7.76e-119	425
34ee360bb4f6d36b4b63782a7c5b164e	gb|MN114116.1|	92.641	100	1	230	209	437	231	6.26e-90	329
361d4ffc9769267997dd53facdbd08f6	gb|EU379214.1|	96.296	59	1	135	232	366	135	1.09e-57	222
363117787fe14344b2b0c853da079c4c	gb|EF585646.2|	97.656	56	1	128	267	394	128	3.93e-57	220
3641f11952d00e34cdc9539719eaaa28	gb|DQ206863.1|	94.156	67	1	154	303	456	154	1.40e-61	235
365d3ce6656c120823162b4ae2414f7f	gb|JN943809.1|	95.172	63	1	145	475	618	145	2.35e-59	228
36dab8d063771db8cedbf681f9a1be33	gb|KJ909764.1|	100.000	100	1	230	434	663	230	7.76e-119	425
372a74cb936999ac8d008b65e480cec1	gb|AF106531.1|	94.248	98	1	225	870	1093	226	8.04e-94	342
37507a57f4fe0d901f01655714f95f2b	gb|GQ154547.1|	95.833	83	1	191	199	388	192	2.93e-83	307
37bb271f6cf8cce95a6dccb0ed368947	gb|MK539956.1|	100.000	100	1	230	233	462	230	7.76e-119	425
37c0e4b57b03cf74e2d71180e4a01366	gb|MH859323.1|	93.913	100	1	230	190	418	230	6.22e-95	346
3804eae29ede646b7b79ea6eabcb648b	gb|MG012699.1|	96.087	100	1	230	217	445	230	2.85e-103	374
3956a56ffc27f31e93b6a973eb6c5dd2	gb|MN855369.1|	99.565	100	1	230	304	533	230	3.61e-117	420
395ac9ba9a55b29157d4f2d32d53fedd	gb|AY776168.1|	95.062	70	1	160	308	469	162	3.88e-67	254
39a5cdd0508f00940d047b2a8a200f6c	gb|MW883433.1|	92.000	65	1	150	246	394	150	8.51e-54	209
3a96e0bdb50efe8a820adf5d9e0cc772	gb|DQ278931.1|	93.694	96	1	220	276	496	222	6.26e-90	329
3b614230559efd747102babfd8029ff7	gb|MG012699.1|	96.087	100	1	230	217	444	230	2.85e-103	374
3b69af2ce62a5ff41218bdea3d969c8b	gb|AY997089.1|	85.870	40	2	93	361	452	92	1.92e-20	99.0
3bbf550fb99d3d9c8dd6bb87f16d41cd	gb|MH118116.1|	92.262	73	1	167	250	414	168	1.40e-61	235
3bf018648dbf54f374dbe8b1303627bc	gb|JX454802.1|	99.565	100	1	230	260	489	230	3.61e-117	420
3c1113d7311ff6eb4df62b83bde99885	gb|MT758324.1|	98.013	66	1	151	189	338	151	2.32e-69	261
3c2c43931c9c3f89c35eb36c16ae2489	gb|JX069868.1|	88.272	70	1	161	231	392	162	8.57e-49	193
3caf657afc11ecc0a157c33514b88b61	gb|MW355011.1|	89.831	100	1	230	204	434	236	2.28e-79	294
3d17983c414da1b8dd6c5f5218548269	emb|LT623228.1|	96.889	98	1	225	244	466	225	7.93e-104	375
3d80e29e89714a3ebd1b307335fc5c16	gb|DQ494376.1|	98.000	64	1	148	253	402	150	8.33e-69	259
3d84a6dd0c4714b480a3957345e78e53	gb|MG012702.1|	98.261	100	1	230	192	420	230	1.31e-111	401
3d9e5979e8887fbe0c72de9a686b2818	gb|AF444566.1|	89.224	99	1	229	195	422	232	4.94e-76	283
3da9d71ae7ec552135c83084011d3e9b	gb|AY997067.1|	95.312	56	1	128	155	282	128	3.96e-52	204
3db1936be065dbd4688c20d481e3cbc4	emb|CAEVNN010001171.1|	87.215	95	1	219	1939	2150	219	8.39e-64	243
3dc13037e5b451c3d19f6344d3ee36b3	gb|KF036587.1|	90.000	100	1	230	178	403	230	2.28e-79	294
3e47577ba65c9b711774d4b12d14d277	gb|JN206387.1|	96.241	58	1	133	208	340	133	1.41e-56	219
3e7f771b000fddff822857b745c549c7	gb|HQ630316.1|	92.547	70	1	161	202	358	161	2.35e-59	228
3ed79ed8bc8409551b2f740fbec30b1c	gb|MH327807.1|	91.703	99	1	229	236	454	229	8.16e-84	309
3eeca4019ca63232c5370f74f33e8c4a	gb|MH860561.1|	92.308	100	1	230	221	454	234	6.26e-90	329
3ef64ed7f3bbe598eaeff27844f93798	gb|KP641179.1|	100.000	100	1	230	231	460	230	7.76e-119	425
3f8d59e989a00898bf599ae02ef8d3e4	gb|OK664723.1|	98.261	100	1	230	204	433	230	3.64e-112	403
3fa6b8d6286f9fad2022a4bbf4c1b29b	gb|KP144083.1|	90.086	100	1	230	192	419	232	6.35e-80	296
3fcf1703d66207bbba2ea463dc2977c3	gb|KC222130.1|	92.704	100	1	230	206	436	233	1.74e-90	331
3fd471b18f46a41cbee264c6e41daea9	gb|MT002305.1|	91.228	98	1	226	190	415	228	2.93e-83	307
4001cfad21c1427fa5207ae549606643	gb|MG136840.1|	95.652	100	1	230	678	907	230	3.69e-102	370
406676cac7f384c6c6706797b650a73a	gb|MW377315.1|	89.565	99	1	227	232	454	230	4.94e-76	283
40dd933b8a584ff6430619221e5199a7	gb|DQ389688.1|	100.000	100	1	230	323	552	230	7.76e-119	425
41984217cb70039bb68ec1654c59ac4e	gb|MF510830.1|	94.904	68	1	156	136	292	157	2.33e-64	244
41ba84ba4a710d0285d02f950b975d90	gb|KU831544.1|	90.265	93	1	215	155	379	226	1.37e-76	285
4216dc83083a3c6179e3215d9112dc8f	gb|JF683421.1|	97.605	73	1	167	212	378	167	3.82e-77	287
42bdb6d10ad7f2ec96b2410d63a345f6	gb|KU728518.1|	97.688	75	1	173	232	404	173	1.77e-80	298
432064d654623363b42a54ade452e170	gb|EU257681.1|	90.184	70	2	163	235	396	163	2.37e-54	211
43ee5387f31d93918f0eaffbc39ac4ef	gb|MK876393.1|	95.652	60	1	138	216	353	138	1.09e-57	222
447573fb74596ed1a2a0f9974dfff286	gb|KC222130.1|	88.636	54	1	124	206	337	132	4.04e-37	154
4488e46a94b3d7281576c02cfe91dc56	gb|EU379214.1|	96.296	59	1	135	232	366	135	1.09e-57	222
448925ea6107510bc93b8df57691d631	gb|KY742099.1|	100.000	100	1	230	172	401	230	7.76e-119	425
44a6bd72bdd5550303c080027a168213	gb|KR476729.1|	93.210	70	1	162	231	391	162	3.90e-62	237
44b14b6a6099ad30ba62af58260c128f	emb|HE610331.1|	98.696	100	1	230	202	431	230	7.82e-114	409
44b29d47d8491b524eed9341520dfd08	gb|KT032088.1|	95.595	99	1	227	180	405	227	6.17e-100	363
44e004dd766c738fd6ffe92a841bd7c5	gb|KU747112.1|	91.810	99	1	229	237	465	232	1.36e-86	318
453c6af0bd3853c0a2e89fffb63cf07f	gb|GQ154547.1|	95.833	83	1	191	199	388	192	2.93e-83	307
4581c3bc8b7cabc506576e7714d2de43	gb|MN114116.1|	91.775	99	1	228	209	435	231	1.75e-85	315
45bbd9844affdcb83dd69bfd818b0898	gb|KJ710461.1|	90.045	96	1	220	245	463	221	4.94e-76	283
464e65d5188dea90dcc75991deb97cf0	gb|AY015433.1|	89.062	56	1	128	202	329	128	8.69e-39	159
46657253bed2aca16cf028aa3dca5dd2	gb|AY843129.1|	98.696	100	1	230	177	406	230	7.82e-114	409
4674312995540b9d0160a976996e25b0	gb|AY997055.1|	88.053	95	1	219	196	415	226	1.08e-67	255
46cfea8c3be88c212a0ac47bcd15355c	gb|EU304347.1|	95.858	73	1	169	213	381	169	2.98e-73	274
46dd05a858134d25066c9e2070b8de6f	gb|HQ630308.1|	96.567	100	1	230	175	407	233	4.74e-106	383
470fe61404b02503cb428dfd5a7e4161	emb|HG518404.1|	89.083	99	1	229	242	466	229	1.78e-75	281
4727713431df3fad1a96e01b296a4cb7	gb|EF634250.2|	98.621	63	1	145	244	388	145	3.00e-68	257
477374a65bff1db369fd8da70a5080d3	gb|MH862704.1|	93.960	65	1	149	260	408	149	8.45e-59	226
4776254c4fb75fc5592d99f18d1563ed	gb|MH392087.1|	98.696	100	1	230	235	464	230	7.82e-114	409
479bebaa0277f9980a4543fd2f5c3f49	gb|KT222431.1|	98.125	70	1	160	717	874	160	2.30e-74	278
47ab758e5e223865ae5d0d6779207389	gb|MH327796.1|	97.391	100	1	230	238	467	230	7.87e-109	392
49104ce49972081866e7189c90297b52	gb|DQ536494.1|	99.167	52	1	120	156	275	120	5.09e-56	217
499ee15433aa93c500d3fc94d7b2a0cb	gb|MT758324.1|	98.013	66	1	151	189	338	151	2.32e-69	261
49a41d65dbdacb548c70773687f6040f	gb|FJ937351.1|	89.362	40	1	93	304	396	94	5.31e-26	117
4a5c9ae6950ccbc7e52dac8d62771792	emb|FM992397.1|	90.547	86	1	198	376	573	201	2.32e-69	261
4a8f8c025dd9d3bf800b59e763ddb6cb	gb|EU379213.1|	92.517	64	1	147	251	395	147	8.51e-54	209
4b0467ba6b59a9744edb8f9aaa153a84	gb|KC179351.1|	95.402	76	1	174	232	400	174	1.07e-72	272
4b315bdef7991831018818cfe851e46e	emb|FM992388.1|	93.750	63	1	144	375	517	144	1.83e-55	215
4b950364ad93de829600b91daf2a1734	gb|MN758892.1|	98.238	99	1	227	165	390	227	6.09e-110	396
4bab9e01f171c785d2f1cf4cf89f3f40	gb|JN943809.1|	95.890	63	1	146	475	619	146	1.40e-61	235
4bb6fd11221985b3efb351571d9c2a1f	gb|AF169304.1|	99.123	99	1	228	187	413	228	7.82e-114	409
4bc05e023a40003312e94b9000bf6009	dbj|AB030327.1|	89.147	56	1	129	207	334	129	8.69e-39	159
4c43917353a4643181bd26a833843df0	emb|FM876788.1|	94.872	100	1	230	385	618	234	6.17e-100	363
4c86704c404420450f3cd51562b760f7	gb|MN114116.1|	90.171	100	1	230	209	439	234	1.77e-80	298
4cce609153b320eee5d8c7a3b6dc07f8	gb|JX242877.1|	92.672	100	1	230	207	437	232	1.74e-90	331
4d26f5ee1970a51eea13d365fe3be3ef	gb|EU910057.1|	99.565	100	1	230	255	484	230	3.61e-117	420
4d584299ac584a75d678e062c737d2ae	gb|JX967274.1|	89.011	40	2	92	2659	2747	91	2.47e-24	111
4d5ff2c00b61dd94f68d715fc5657957	gb|JN943809.1|	95.270	64	1	147	475	622	148	5.05e-61	233
4d73deb92dc24c59723a87884946e57c	gb|KF777182.1|	93.103	99	1	227	273	504	232	1.35e-91	335
4defc41f77e93c1434c5926ffb73ce40	gb|MH856589.1|	95.570	69	1	158	205	362	158	3.88e-67	254
4e0e0382ee175c15b9f259414c04051c	gb|KT215250.1|	95.238	100	1	230	564	792	231	6.17e-100	363
4e10fb1074b8760e504d650f7a4ef8ee	emb|FM992388.1|	88.000	96	1	221	375	597	225	2.32e-69	261
4e8ee558ceceaac4bdb33241eeb1b722	emb|FM992388.1|	88.000	96	1	221	375	597	225	2.32e-69	261
4ead6db8ebd124fc2be34e6f17a89425	emb|LT623228.1|	96.429	97	1	224	244	466	224	1.33e-101	368
4f1568a83fb540d70e801cce1b40ca03	gb|MK539997.1|	98.701	100	1	230	422	652	231	7.82e-114	409
5026cbe5ca9a8cf531163540914e1055	gb|MG386032.1|	91.949	100	1	230	313	547	236	2.91e-88	324
5039e3f86011e542e1d4879851d7454f	gb|GU237887.1|	96.744	93	1	214	170	384	215	2.87e-98	357
508d87ec9815953cb19baa5d06481de7	gb|MW175362.1|	100.000	100	1	230	204	433	230	7.76e-119	425
5100817742975d3dd3ebe3f9aad6ec09	gb|JX681046.1|	99.567	100	1	230	229	459	231	3.61e-117	420
51088f964639748ea047141fc85e4e9b	gb|JN206387.1|	96.992	58	1	133	208	340	133	3.04e-58	224
511be400731973e8428a37c633116926	gb|MN114116.1|	91.342	99	1	229	209	435	231	2.27e-84	311
51a3429b1cb1a12e975d92a3e9263d5d	gb|AY997069.1|	90.336	99	1	228	155	390	238	1.37e-81	302
51a9f291bb0ee1cdb3f967a6de657611	gb|JX143583.1|	99.130	100	1	230	255	483	230	6.04e-115	412
52acc77ebd6b8b876e41e1db1a2ed8b1	gb|MG832069.1|	90.299	57	1	131	208	340	134	1.12e-42	172
52b216430490e634552976d5bacf333e	gb|AY997057.1|	91.579	41	1	95	340	434	95	1.90e-30	132
53abf45703ea3b4fa939932cda035da7	gb|AF444544.1|	92.609	100	1	230	204	427	230	8.10e-89	326
54828eb40ccd9184998d6b6344e55b0c	gb|AY339317.1|	100.000	99	1	228	226	453	228	1.00e-117	422
54cb522957a54eb9972e99a7ac8216c5	gb|EU379213.1|	96.970	57	1	132	251	382	132	1.09e-57	222
54fff99810a1069236838f4cbfd1eeb5	ref|NR_138404.2|	91.176	59	1	135	228	362	136	5.16e-46	183
55c6dc17d732634a9e8b668d350933bf	gb|MK050389.1|	97.403	99	1	228	1949	2179	231	2.83e-108	390
567b06449df31427426ae9d81cfa8710	gb|AF033493.1|	100.000	100	1	230	206	435	230	7.76e-119	425
5a361303cccc59ffe2444f6b226262bc	gb|MK050351.1|	90.141	90	1	207	1992	2203	213	3.85e-72	270
5a3f17b35de9165afc0c83baa2e447b2	emb|FN547509.2|	90.129	99	1	227	412	638	233	8.22e-79	292
5a65ba3ea9c852633fb953b8dc6f498e	gb|KF467155.1|	100.000	100	1	230	243	472	230	7.76e-119	425
5a675fa23192ef04cc2aee013b5f8d0f	gb|KC171336.1|	99.565	100	1	230	234	463	230	3.61e-117	420
5a92953a8ef61829d245f89125bec86d	gb|MK050287.1|	89.956	98	1	225	1960	2184	229	1.06e-77	289
5ab80c6e7c53c88acfc0d2afd9b45333	gb|MN114116.1|	91.739	99	1	228	209	435	230	1.75e-85	315
5ae4caf54aa0d26a2285d578fa41ce62	emb|FR750168.1|	90.336	99	1	228	412	648	238	1.37e-81	302
5b2d8b36a0f4d4e91fcdbb43cd690441	gb|MW484989.1|	97.110	75	1	172	177	349	173	2.95e-78	291
5b7d266f2384900f6038b40804459d64	gb|JX681046.1|	97.854	100	1	230	229	461	233	4.71e-111	399
5c19fb2e1bfadf5e4ec238e87ed5a3e9	emb|FM992389.1|	89.823	96	1	220	378	601	226	4.94e-76	283
5c70a0264867f234e4d8abe8bb45ed3a	dbj|LC194474.1|	96.970	100	1	230	190	419	231	3.66e-107	387
5cdd5bfbeb01e23b43771e4cfecfad25	gb|KP171137.1|	95.489	58	1	133	323	455	133	6.58e-55	213
5ce25394fcd6f7e81f621fb5f0d46c00	gb|AY762619.1|	91.703	98	1	226	1932	2159	229	1.75e-85	315
5db51313d0c1dcf34c14d53ba91362b0	emb|HE610331.1|	98.261	100	1	230	202	431	230	3.64e-112	403
5de4fc7dc247945918aa2a7be8c27919	gb|MH118116.1|	92.216	72	1	166	250	414	167	5.05e-61	233
5e74ee208f8d585c043dd4b6189d12b7	dbj|LC146737.1|	96.522	100	1	230	227	456	230	1.70e-105	381
5fee0dce4d631616bdaceb4ce84acc2e	emb|CAEVNN010001171.1|	86.425	96	1	221	1939	2150	221	5.05e-61	233
605979d41176119aedd0f0ede917cc4f	gb|AY015432.1|	89.844	56	1	128	205	332	128	1.87e-40	165
60a1a53960293cc0e4b08a42648d0361	gb|MK347761.1|	92.609	100	1	230	198	425	230	6.26e-90	329
6119e409f23c44a82400a646164c08c8	gb|KJ710461.1|	90.045	96	1	220	245	463	221	4.94e-76	283
613c001c3d8f3fbfff0500b4bd8b97a5	gb|OL630101.1|	99.565	100	1	230	321	550	230	3.61e-117	420
62154740a0102d6ab6e6763870852248	gb|MT649493.1|	99.254	58	1	134	233	366	134	8.39e-64	243
62c1a058aedc6777469f4173e0fdb5b3	gb|JN205994.1|	98.261	100	1	230	238	465	230	1.31e-111	401
6424644bd33b834a71f4a409ee489f79	gb|MG136840.1|	96.087	100	1	230	678	907	230	7.93e-104	375
64a0662f2782dd36aa78f424b9b81c57	gb|JN206387.1|	97.744	58	1	133	208	340	133	6.53e-60	230
64e830768c6b2a024687f59362a97f73	gb|AY943061.1|	96.087	100	1	230	187	416	230	7.93e-104	375
655d53ecec86044cb77adbd068f5e304	gb|KY173426.1|	93.333	59	1	135	178	312	135	5.12e-51	200
6582cf55ead68c25b9b03a62872af656	gb|AY997089.1|	85.870	40	2	93	361	452	92	1.92e-20	99.0
6597bea252c0cbf5c09227b3612ee6c1	gb|OL709435.1|	93.913	100	1	230	215	442	230	6.22e-95	346
6641e63f5c9e7da5b86103a334af1267	emb|LN880536.1|	99.130	100	1	230	156	385	230	1.68e-115	414
6659e3cb90addd95b4fd181ed82b794b	gb|AF106531.1|	93.805	98	1	225	870	1093	226	3.74e-92	337
6676d8b9d80fdd30d798073da7f10568	gb|DQ494688.1|	86.905	71	1	164	302	465	168	1.86e-45	182
66aafa3945cadf7014dab08e4b9c26be	dbj|LC095213.1|	93.103	100	1	230	195	425	232	3.74e-92	337
66c57444b8bcd518aafc561cb3579346	emb|CAEVNN010001171.1|	85.281	99	1	229	1939	2163	231	1.82e-60	231
671875cf18c3b343c6eeb99a1d479817	gb|JN943809.1|	95.205	63	1	146	475	619	146	6.53e-60	230
67361f72751c4075f24fed420ae3297f	gb|FJ150895.1|	100.000	100	1	230	203	432	230	7.76e-119	425
68673755c033acdd60cbe0837b8a4e99	gb|AY843109.1|	97.826	100	1	230	175	402	230	6.09e-110	396
68899553f29c14b81d6ec1e3957f593b	gb|KX387318.1|	90.625	42	1	96	306	401	96	2.45e-29	128
689a1f44dccf17b0a76021af0092eeae	gb|MN017028.1|	82.946	56	1	129	216	344	129	5.31e-26	117
6996be5a7a99298651ad9d01e2f7f06a	gb|MW175362.1|	97.403	100	1	230	204	433	231	7.87e-109	392
699a12009b01534774680f1de4303f73	gb|EU379213.1|	96.970	57	1	132	251	382	132	1.09e-57	222
6a5e7ef9010e11da78b9b087ea7d2249	gb|AY997057.1|	94.737	41	1	95	340	434	95	1.88e-35	148
6af79acd8efc40307210992a8ba865e1	gb|OK664704.1|	92.683	71	1	164	248	410	164	1.40e-61	235
6b0b4a68c2fed81ee63f322056e03cfd	gb|MN114116.1|	92.070	97	1	224	209	432	227	1.75e-85	315
6b7456646b2bdcbb936b823f1ca0dd26	emb|CAEVNN010001171.1|	85.714	99	1	229	1939	2163	231	3.90e-62	237
6d1f04ffa901f9490ad643f8c3db2d07	gb|KC595253.1|	91.304	100	1	230	177	402	230	2.27e-84	311
6d6e1931a0a02ea1315f3d2418319507	gb|AY997057.1|	91.579	41	1	95	340	434	95	1.90e-30	132
6d8edbee0c43a201e0568a161babeb93	gb|MF510830.1|	94.904	68	1	156	136	292	157	2.33e-64	244
6ddb2962e2281905438c633bc439d552	gb|JN943809.1|	97.101	60	1	138	475	612	138	5.05e-61	233
6ea9f78051ddf09d9cbcc0b4743cb2a3	gb|KF893289.1|	97.842	60	1	139	189	327	139	3.02e-63	241
6f8e67800ee145a04d217a7abdacfa95	gb|MF510830.1|	94.904	68	1	156	136	292	157	2.33e-64	244
6fc08a55bd628573fcb474c6f0048e06	gb|FJ473373.1|	100.000	100	1	230	134	363	230	7.76e-119	425
7024cc466596eab5ec5b50e838a2938c	gb|MG012699.1|	96.522	100	1	230	217	445	230	6.13e-105	379
70a8176ec19056bb2b5eae82ea7c2e69	gb|FJ196771.1|	99.130	100	1	230	193	422	230	1.68e-115	414
70bb14a3dce827f76201b312e456470c	gb|MN114116.1|	89.744	100	1	230	209	439	234	8.22e-79	292
7101ba83e8404c628b93daa5c4e34783	gb|JX454802.1|	99.130	100	1	230	260	489	230	1.68e-115	414
710b5807442458a3634dfc33d3dc11ba	gb|MK850489.1|	93.567	73	1	169	283	450	171	5.01e-66	250
725bebfb0be27b48854b46a560353808	gb|AY997089.1|	88.043	40	2	93	361	452	92	8.88e-24	110
7261b14be5a2785d01cf3381c45d411c	gb|EF392534.1|	91.852	59	2	136	233	367	135	1.11e-47	189
72824cd4e0c1d8a25f0a34c3784548c3	gb|DQ494688.1|	86.982	72	1	165	302	466	169	5.16e-46	183
72e6f1c7e4f738a351fc64c15bd068ea	gb|MH858198.1|	93.069	88	1	202	207	406	202	2.28e-79	294
7314bc2aeeabcaaf701c5607f71b1d8a	gb|MN758892.1|	93.532	87	1	201	165	364	201	1.77e-80	298
731bf24f84f2753c51a9042aa68640fe	gb|AF145328.2|	100.000	100	1	230	207	436	230	7.76e-119	425
736e8399ae45bd006717abf986679879	gb|JX069868.1|	88.272	70	1	161	231	392	162	8.57e-49	193
73f150ba27d284961c392055b660b5ea	gb|KY352465.1|	97.297	64	1	147	175	322	148	5.01e-66	250
73fd737c8f8d1e301e7378087b987a60	gb|HQ630308.1|	99.561	99	1	228	175	402	228	4.67e-116	416
740b219d0a0363a5ba41b883d84c1105	gb|AY487091.1|	98.261	100	1	230	176	405	230	3.64e-112	403
741d8ed6e92529cccd34b182d3787150	gb|MT310606.1|	97.788	98	1	226	208	432	226	1.02e-107	388
743a919c445fa593ffa54fad56bc31c0	gb|FJ664883.1|	96.537	100	1	230	225	455	231	1.70e-105	381
74cb2a550848cc8096f26add7d8a3673	gb|EU379201.1|	97.826	60	1	138	218	355	138	1.09e-62	239
74ef7b7ee2b52232aee2bc7271857fe0	gb|EU379201.1|	97.279	64	1	147	218	363	147	1.80e-65	248
75a31b03cedf0453ae8e2dd23b3cc034	gb|EF585646.2|	97.656	56	1	128	267	394	128	3.93e-57	220
75c1a1614c70407118cd447b247f6758	gb|KU728518.1|	97.688	75	1	173	232	404	173	1.77e-80	298
7610770bebe92c70bcf06436dfab492e	gb|EF392534.1|	90.840	57	2	132	233	363	131	8.63e-44	176
761a1a46cdb0710f6af0e55b2e9df0d2	gb|MH866013.1|	100.000	100	1	230	215	444	230	7.76e-119	425
764f00d8bfd5e8b96306e3a0a28fefda	gb|KY511430.1|	91.189	98	1	226	237	462	227	2.93e-83	307
765cb6b225aab79f240d4e602f507f4a	gb|KX998904.1|	95.197	99	1	229	299	523	229	7.99e-99	359
775a41348d91f9213ee2be9101d43118	gb|MT223824.1|	98.824	74	1	170	228	397	170	3.80e-82	303
7798c5cb726fa5a685601451ef0dcb69	gb|KT032082.1|	96.522	100	1	230	182	411	230	1.70e-105	381
77b7ad456ec9d0973a0a557dce34f798	gb|AY997055.1|	100.000	62	1	143	196	338	143	1.79e-70	265
77f6a5ea384fe8812933ac47ec3fefd6	gb|JX454802.1|	99.130	100	1	230	260	489	230	1.68e-115	414
784c709b99e747fa67ca0f0840c407de	gb|KF036587.1|	90.435	100	1	230	178	403	230	4.91e-81	300
78ff7f736bc68102f007ea17d052978b	dbj|AB030327.1|	88.372	56	1	129	207	334	129	4.04e-37	154
79e14aebbb46ef0db218e9a388c2fb14	gb|AF169304.1|	99.107	97	1	224	187	410	224	3.64e-112	403
7a522ff82cb0396d60c8d734c4b15559	gb|MH861963.1|	96.241	58	1	133	182	314	133	1.41e-56	219
7afa9d18292274ef558ab9c3e1539ff5	gb|AF444321.1|	99.130	100	1	230	159	387	230	6.04e-115	412
7b4f004951d615f8848d7e88d7bedaa3	gb|FJ919663.1|	93.133	100	1	230	172	401	233	3.74e-92	337
7b8be15601023572173d7b848cba23a0	gb|AY916486.1|	96.957	99	1	229	225	453	230	1.32e-106	385
7bdb7e014e50b60eedfc5c3ace4c4d11	gb|AY997045.1|	100.000	58	1	133	194	326	133	6.49e-65	246
7d29232b8e88b5f79933fd2678e311ae	gb|MN114116.1|	93.074	100	1	230	209	437	231	1.35e-91	335
7d36ddaef969abfe26ab048c45928682	gb|AF444626.1|	89.147	56	1	129	230	358	129	2.42e-39	161
7d710094f65125cfb7e03fbe5d8c91a7	emb|LR588887.1|	93.077	56	1	129	174	303	130	1.11e-47	189
7e11ce6b94104ba8bd14b27d67ea459d	gb|AF444319.1|	99.563	99	1	229	220	448	229	1.30e-116	418
7ea2a06d80e65dc02c4172c0b3c594c9	gb|OK664723.1|	98.690	99	1	229	204	431	229	1.01e-112	405
7f3f1f1c1e1f53ba512e3e4f8e31c35e	emb|FR667220.1|	93.886	99	1	229	201	428	229	2.24e-94	344
800d0865ad16186118ed1192dc379609	gb|HQ630285.1|	96.992	58	1	133	209	341	133	3.04e-58	224
80542f8314d1198e41740a448b1034c2	gb|OL739375.1|	92.398	73	1	169	352	520	171	3.02e-63	241
80962570138e0b4c998e92711d070fce	gb|KJ869130.1|	97.835	100	1	230	261	491	231	1.69e-110	398
80bba5b8257d27d5321802cca3daaa64	emb|AJ849468.1|	95.633	99	1	227	317	545	229	4.77e-101	366
810fa3cf05316e7fa19ee179990af068	emb|FM992388.1|	95.333	65	1	149	375	524	150	3.90e-62	237
81501c7904e75380d4bd4a9642ac0b73	gb|MH861021.1|	90.338	90	1	206	246	445	207	1.79e-70	265
8167e04b63cc97a7879e7286e470acb1	gb|MH392087.1|	98.690	99	1	229	235	463	229	2.81e-113	407
8220198a25f5f95cd7b4c58d7ee475d7	gb|JX454802.1|	100.000	100	1	230	260	489	230	7.76e-119	425
82cfa58276bf215a425866b1eb0c487c	dbj|LC096154.1|	93.365	92	1	211	183	391	211	2.27e-84	311
835ed446eafada6f3262296c79b6509f	gb|KT215284.1|	96.894	70	1	161	579	738	161	1.38e-71	268
8369f093b9957c5e950270c02593e1fd	gb|AY015433.1|	89.844	56	1	128	202	329	128	1.87e-40	165
836d088f1c13533dd1a9df0b93a0e4b3	gb|KX527888.1|	99.565	100	1	230	159	388	230	3.61e-117	420
83c455157bb759e57feb3c7538dbf30a	gb|OK664723.1|	99.119	99	1	227	204	430	227	7.82e-114	409
83db2895a73c196d1a21fffdd55a9cd3	gb|MG136840.1|	94.783	100	1	230	678	907	230	7.99e-99	359
840af938530ca3f2bb25a33e70590666	gb|MT571523.1|	89.655	100	1	230	277	505	232	2.95e-78	291
848f1daa5f25261a00c1d6ff99627a63	emb|FR667220.1|	94.805	99	1	229	201	428	231	1.03e-97	355
84b29a966cb6868e497ca246a353d72e	gb|EF392534.1|	91.729	58	2	134	233	365	133	1.43e-46	185
84deb4ce2bf7672292435a712799a560	gb|MG136761.1|	84.615	56	2	130	351	478	130	8.82e-29	126
854db313ff08a617a2ed27ec4cb9c210	gb|EU352771.1|	95.714	61	1	140	475	614	140	8.45e-59	226
85aefa20ca2939e3e2c284ef7d11dc05	gb|HQ630285.1|	98.507	58	1	134	209	342	134	3.90e-62	237
85d838e22e9a0aa24daa1846ae699ee9	emb|CAEVNN010001171.1|	89.316	100	1	230	1939	2168	234	3.82e-77	287
86d2f2aadf3ba379ff080b4679084317	gb|GU553332.1|	99.565	100	1	230	191	420	230	3.61e-117	420
86e29d5f0c77a4b39dc0b1d3401b192d	gb|AY015433.1|	89.062	56	1	128	202	329	128	8.69e-39	159
86fe09e23e279e0475964874a98e3e7e	dbj|LC146748.1|	98.611	63	1	144	205	348	144	1.08e-67	255
8708bd16adda7b1676cdfe3ed8ef2c12	gb|KT222431.1|	97.500	70	1	160	717	874	160	1.07e-72	272
87b563aa8435a2da59ea8602023666ca	gb|KF810121.1|	96.957	100	1	230	302	531	230	3.66e-107	387
8860102889a4b91ede8e87bd4e71ab2f	gb|AY944872.1|	97.163	61	1	141	281	421	141	1.09e-62	239
892652628f9836207baf0538bb7ff4ed	gb|MH327796.1|	97.391	100	1	230	238	467	230	7.87e-109	392
8933ca7e24337ce795f326aaa4bcd6cb	gb|MN855369.1|	98.696	100	1	230	304	533	230	7.82e-114	409
8999f06fde928ebd3042da9df3aca9a9	gb|AY997055.1|	88.496	95	1	219	196	415	226	2.32e-69	261
89e8f43cf7e84ed0ebe0a1e756d8e7ee	gb|MF374353.1|	97.222	63	1	144	209	351	144	8.39e-64	243
8a0c7e944599ae9d5495cc734de5973c	gb|MH392087.1|	92.105	99	1	227	235	462	228	3.77e-87	320
8a16138e36bb7bfb1d40b07454e53619	gb|AY624171.1|	97.391	100	1	230	229	452	230	3.66e-107	387
8a17f1e98091ade10f35bcb25973c929	gb|MN846280.1|	94.444	86	1	198	220	415	198	3.80e-82	303
8a7bb869d744cf6138ccbbaa172018e9	gb|KX228264.1|	94.760	99	1	229	221	445	229	3.72e-97	353
8abe1a7d7c67d71b25a1ff3bedc22c95	gb|KT950850.1|	92.208	100	1	230	348	571	231	3.77e-87	320
8ac4c97809cce7d63e7724dbc66b6625	gb|KT215278.1|	93.889	77	1	178	580	759	180	3.85e-72	270
8b2e3e62f8a0bf26a3a203a08ff73529	gb|AY559346.1|	96.903	98	1	226	178	402	226	2.20e-104	377
8b653dadd2050d222cc3d63c960b1a08	emb|FN547510.1|	89.316	100	1	230	411	638	234	1.37e-76	285
8b839d397b825ea87658256027b60bd1	gb|HQ630358.1|	89.947	81	1	186	180	364	189	3.90e-62	237
8b9304a169e93944594c922b1eb25be5	gb|KX019807.1|	94.444	63	1	144	288	431	144	1.09e-57	222
8bbcc1cb1501b1637817678c53879796	gb|JX681046.1|	98.707	100	1	230	229	460	232	2.17e-114	411
8c49f09e6edbdec74e1586e98a678f1a	gb|EF392534.1|	91.603	57	2	132	233	363	131	1.86e-45	182
8c5ae84cf550ec9b904b7ae644551120	gb|AY015433.1|	89.844	56	1	128	202	329	128	1.87e-40	165
8c6ceb7ce6f71e29fd61422151dcbadb	gb|AY997089.1|	85.870	40	2	93	361	452	92	1.92e-20	99.0
8cfda78929878609c5b55c023a6d1d10	gb|DQ494363.1|	95.570	69	1	158	209	364	158	1.39e-66	252
8d907bd5c341a55b3deabef44477dd32	gb|JN943809.1|	95.946	64	1	147	475	622	148	1.09e-62	239
8d94b5e70e626c05de08e2e60a7b01d1	gb|MT310606.1|	97.345	98	1	226	208	432	226	4.74e-106	383
8db22a463152904efddf1f93aab38b5a	gb|MT730893.1|	79.310	60	1	139	2105	2244	145	3.22e-18	91.6
8dc0c8c5bc472822992ed3d6d1486073	gb|MT223824.1|	92.488	93	1	213	228	432	213	1.77e-80	298
8e2fd31be6c9e5d27055b45e46268a6e	gb|EU035459.1|	98.696	100	1	230	323	552	230	7.82e-114	409
8e5bca6c7bb4f3203084da5b55547157	gb|MT223824.1|	93.023	93	1	215	228	431	215	3.80e-82	303
8e60f592a485182490b585132d16f4a8	gb|MW424764.1|	91.925	69	1	159	196	356	161	3.04e-58	224
8e773f6ed337206767b387d844ed2043	gb|JN943809.1|	95.946	64	1	147	475	622	148	1.09e-62	239
8ea932d24067a972f91b939a77e42c3c	dbj|AB032667.1|	99.200	54	1	125	210	334	125	8.45e-59	226
8eec2a17778b6fe03f2f056c00192f64	dbj|AB032667.1|	99.200	54	1	125	210	334	125	8.45e-59	226
8f28e80c260b9959fa8176316c5ec1ae	gb|JN383488.1|	90.566	91	1	210	225	433	212	8.27e-74	276
8f77bb01adfa433c863543f5004c9647	gb|KY115191.1|	97.391	100	1	230	224	452	230	2.83e-108	390
8f979dc9e5bc1bf16f6b6851f29934fa	gb|KY827296.1|	95.745	61	1	141	323	462	141	8.45e-59	226
9002c4d6829d7cb8591338d10f9594d4	gb|EU379214.1|	96.296	59	1	135	232	366	135	1.09e-57	222
9014d1b7b1e6a32656193c74384ef175	gb|MH862858.1|	100.000	100	1	230	179	408	230	7.76e-119	425
9016e3cb939880c1637e56fafd3a7527	gb|MF510830.1|	94.904	68	1	156	136	292	157	2.33e-64	244
901f4a5d3a05632ff29c9cfa03dbd994	gb|KT217490.1|	100.000	100	1	230	306	535	230	7.76e-119	425
902415862d334eb53d6b928ed7af3792	gb|MN310213.1|	94.805	100	1	230	249	478	231	7.99e-99	359
9042287e6be4dff5dedbe0f80d1d2b85	gb|DQ494363.1|	96.203	69	1	158	209	364	158	3.00e-68	257
904f6578bcd374909ea3444596e0cc52	gb|JN943809.1|	96.552	63	1	145	475	618	145	1.09e-62	239
90c1712aaf041dfa968c404bd494d027	dbj|LC095213.1|	96.552	100	1	230	195	426	232	4.74e-106	383
91706e7e3464746ce2d99652b5c5e2c9	gb|HQ650634.1|	95.652	60	1	138	225	362	138	1.09e-57	222
92509ae5788e28a15e62250ad7a0c6ba	gb|MF434191.1|	96.957	100	1	230	212	439	230	1.32e-106	385
927403c0fd8a6a251971d0ffaac67965	gb|AY997073.1|	85.496	56	1	129	388	516	131	5.27e-31	134
9353e067b1c800e74e7253bb5510c971	gb|EU257681.1|	90.244	71	1	163	234	396	164	6.58e-55	213
93e9cec15e41fe5421f034dd14f93daa	gb|FJ919663.1|	91.416	100	1	230	172	401	233	1.75e-85	315
9408849c56e78bc72f3b5def25a8ccd4	emb|FN547510.1|	90.171	100	1	230	411	638	234	6.35e-80	296
940edb93a2fb3fb1200f23e4346d7530	gb|KF271798.1|	89.427	97	1	224	299	522	227	1.78e-75	281
9419e30fc81d62ad8985ee8a6a5d130a	emb|AJ629396.1|	94.397	99	1	228	247	478	232	3.72e-97	353
951ef124abebf5a0e86a12df489717dc	gb|JN684909.1|	99.130	100	1	230	268	497	230	1.68e-115	414
95ee5ad6861a37d7a5debe95c7713c34	emb|FM992397.1|	88.596	97	1	223	376	600	228	3.85e-72	270
960bcdd92b436635b882a5602e35bdad	gb|EU379201.1|	97.101	60	1	138	218	355	138	5.05e-61	233
96bb09964513e0e16a77da45a95f52dc	gb|DQ278931.1|	93.243	96	1	220	276	496	222	2.91e-88	324
97ac43ef3be515c2a336a3f33bcadd8f	gb|JQ239407.1|	92.704	100	1	230	156	387	233	4.84e-91	333
981e221c30bb707d543d02d0b78b5c4f	gb|AF314965.1|	81.250	53	1	122	141	268	128	1.92e-20	99.0
982f9ab5ce2c62b9a7cbf137dd3e21b7	gb|ON471849.1|	96.104	100	1	230	230	459	231	7.93e-104	375
98f933dbb244b0a9e794e49d5c1beec2	gb|MH856124.1|	86.719	56	2	129	332	459	128	8.76e-34	143
99eefb327c9087e43dcfa16ce49833ec	gb|GU237887.1|	97.209	93	1	214	170	384	215	6.17e-100	363
9a079183cd5254bfdfa69c54d0cf3a46	gb|JF740221.1|	98.268	100	1	230	213	442	231	3.64e-112	403
9a59d77d1bd89bbe4262a0675d4e35d6	gb|KY105683.1|	90.698	56	2	129	243	371	129	4.02e-42	171
9ad231995a15da967a54eb9788785f5b	gb|KP981492.1|	100.000	100	1	230	201	430	230	7.76e-119	425
9c34df68d85a023774161b80360cde1c	gb|HQ630285.1|	97.826	60	1	138	209	345	138	3.90e-62	237
9c85a5ceac86684efaa79cfb299badd7	gb|KX344056.1|	94.805	100	1	230	209	437	231	2.87e-98	357
9d80b9cab325d490b5b89026a0c6cf03	gb|JN943134.1|	98.261	100	1	230	303	532	230	3.64e-112	403
9dd4f00ed45275bba9dcd4e8adce5b04	gb|KC992944.1|	98.696	100	1	230	314	543	230	7.82e-114	409
9dfe7afeb6b0f78c536effe04fb09809	gb|KP233038.1|	100.000	100	1	230	242	471	230	7.76e-119	425
9e14bede0b247ab26c4fe372db29cfab	gb|KP309989.1|	96.537	100	1	230	269	499	231	1.70e-105	381
9e217d13b7a46e012c9485aad1099e98	emb|FR832476.1|	96.087	100	1	230	381	607	230	1.03e-102	372
9e2cfc60f9b09399e270f1c660b7f021	gb|MN756639.1|	97.619	91	1	210	239	448	210	2.22e-99	361
9e55963c13a6f4f9cb5cdacacbf90809	gb|KY103134.1|	96.537	100	1	230	331	561	231	1.70e-105	381
9e6481c210ed853da8cc06efe136aeab	gb|FJ827743.1|	97.241	63	1	145	303	446	145	2.33e-64	244
9e8cd6cf1060a624949099e6a825f65e	emb|FM992388.1|	93.750	63	1	144	375	517	144	1.83e-55	215
9e8cff448517ec3e7f9b07394796cdb9	gb|KC992944.1|	100.000	100	1	230	314	543	230	7.76e-119	425
9eb0ee92cb86161eb126a1d2ce29329a	gb|KP981477.1|	99.315	63	1	146	161	306	146	1.79e-70	265
9ebd396065099be4e726c65636340c66	gb|KP259842.1|	93.011	80	1	185	201	386	186	3.85e-72	270
9ebef002987fe586d59bfe73eb2b4e06	emb|LT904725.1|	95.217	100	1	230	199	424	230	2.22e-99	361
9ef112dbcc144513fa66b4b432f296d4	gb|ON222810.1|	94.323	99	1	229	235	460	229	1.73e-95	348
9f249cb378a15f50e4a020fb6e60e9d2	gb|KP144083.1|	89.655	100	1	230	192	419	232	2.95e-78	291
a15538ba53a56267765ccf70cf51ac89	gb|JQ031773.1|	88.235	100	1	230	256	486	238	3.85e-72	270
a1750b53b1af613d6da94823b3612c4d	gb|AY997055.1|	100.000	62	1	143	196	338	143	1.79e-70	265
a1ace79ef2170d1bcebb6c5a21ee1a3a	gb|DQ449969.1|	100.000	100	1	230	246	475	230	7.76e-119	425
a1b594e673458bc033515038fe498bd4	gb|DQ494371.1|	95.679	70	1	162	257	418	162	2.32e-69	261
a212fa8ef8c3919c68ce39783533f4a7	gb|MF422162.1|	96.552	98	1	226	229	460	232	6.13e-105	379
a252926b2cd0a6eceba5cae8e0ef66f9	gb|FJ822974.1|	93.377	65	1	150	285	435	151	1.09e-57	222
a2605450bba25dde84a4c8144d5f571f	gb|JX069868.1|	88.272	70	1	161	231	392	162	8.57e-49	193
a2a3940fc7b913bcac1c0ed726cb9a66	gb|AF444319.1|	97.391	100	1	230	220	448	230	2.83e-108	390
a2ca2d21a1047b92eb42ade04625db99	gb|MK050330.1|	90.278	90	1	208	1927	2140	216	2.98e-73	274
a2d8f439417bc652a8a7ace33071a005	gb|HQ880789.1|	100.000	100	1	230	220	449	230	7.76e-119	425
a31e4a641366002ab2890f74ac4ebfa3	gb|MG136830.1|	95.541	68	1	156	242	397	157	5.01e-66	250
a3286e1e85177674c7c1a89fc57ad474	gb|EU379214.1|	96.296	59	1	135	232	366	135	1.09e-57	222
a411cfa27dc665af067fc00120f2839c	gb|MH860803.1|	98.690	99	1	229	124	352	229	2.81e-113	407
a43460bc41b2913c4397243c1e412cae	gb|AY997057.1|	95.402	38	1	87	340	426	87	1.13e-32	139
a4c5c396a120be641c418d024a8da169	gb|EU103997.2|	96.104	100	1	230	225	454	231	7.93e-104	375
a4df82a8ae70f5349c398597ec6a468d	gb|AY997057.1|	90.526	41	1	95	340	434	95	8.82e-29	126
a50d14b6bd0a79b57195746287980ffe	gb|AF314965.1|	81.250	53	1	122	141	268	128	1.92e-20	99.0
a5e914d4b4f00304bd5c651332d5b56d	gb|KF036587.1|	93.162	100	1	230	178	408	234	3.74e-92	337
a66b4b301ce336546fec1ea21e1d0397	gb|MK836021.1|	98.198	97	1	222	285	506	222	1.02e-107	388
a6886fa53d4eeabb6992976c6532e525	gb|FJ150895.1|	99.130	100	1	230	203	432	230	1.68e-115	414
a6c4eb0775fe6dda141831ea1e71177b	gb|EU343873.1|	89.583	41	1	94	185	280	96	4.10e-27	121
a7c3c4ddb6306dcefe41ab0a311146cd	gb|AY997045.1|	99.248	58	1	133	194	326	133	3.02e-63	241
a874e8c6f074d867447be91c6c8f5387	gb|AY997067.1|	95.312	56	1	128	155	282	128	3.96e-52	204
a88f7cbead3ef44d30c40222ca221e4e	gb|HQ630313.1|	91.975	70	1	161	169	327	162	3.04e-58	224
a8cf1093de4c373e2810cb93d887bae2	gb|AF444321.1|	100.000	100	1	230	159	388	230	7.76e-119	425
a958c6c805a90e3002421d320ee9e900	gb|MG725253.1|	86.017	99	1	228	189	420	236	8.39e-64	243
a997f0c77aacee956d61ba72b22e42e3	gb|MH866013.1|	99.565	100	1	230	215	444	230	3.61e-117	420
a99ca1a686e1b4a03996e0893a07a5d7	gb|OL709435.1|	94.348	100	1	230	215	442	230	1.34e-96	351
a9f0f4f6811705ca0647bf1f4d5a80f5	gb|KU296216.1|	88.079	65	1	150	182	329	151	8.63e-44	176
aabdbd99c02ed6528d5dec5d4c05a389	emb|FR750364.1|	86.842	98	1	226	406	621	228	8.39e-64	243
ac5e78efc9c2c1f719dd398aacf1696a	dbj|LC146726.1|	98.696	100	1	230	214	443	230	7.82e-114	409
ac6a2e50707c62402423ffd370351248	gb|JANSHE010000192.1|	89.083	97	1	224	2024	2251	229	6.40e-75	279
acaf91cc9a043382dc13b894c6050a02	gb|JX243797.1|	100.000	100	1	230	187	416	230	7.76e-119	425
acddd4758722299755b6df71a911042b	gb|AF392990.1|	99.130	100	1	230	236	464	230	6.04e-115	412
ace93b43241ca101359074be6c1fb4ed	gb|AF314965.1|	82.031	53	1	122	141	268	128	4.13e-22	104
ad9056c3c6166059f578a4565d718c5b	emb|CAEVNN010001171.1|	90.598	100	1	230	1939	2168	234	3.80e-82	303
adad382fa240e3bb3c14bc038a306301	gb|MZ611675.1|	89.700	100	1	230	274	503	233	8.22e-79	292
ae1241d4582c9d26ac74f585b94ed617	gb|AY706335.1|	92.241	98	1	225	1955	2183	232	3.77e-87	320
aea6927b3058c20b86bb86227e00009c	gb|JN882326.1|	97.973	64	1	147	304	451	148	1.08e-67	255
aead87d746fc843fd9f093b3ec028289	gb|AF033493.1|	85.903	98	1	226	185	410	227	3.02e-63	241
af39f0d5bc95858844bdb0abbc68f2ee	gb|AY776168.1|	92.405	68	1	156	308	464	158	1.09e-57	222
af91a8629a524f1eb4350d8bf4492a98	dbj|LC095213.1|	93.534	100	1	230	195	425	232	8.04e-94	342
afa28d9bd800572620d22ff5d720065d	gb|HQ630308.1|	100.000	100	1	230	175	404	230	7.76e-119	425
b11806bc2fee4a7df63db29422ad8735	gb|KF631366.1|	90.647	59	1	136	256	393	139	1.86e-45	182
b222c5536ab06009fc081368736efbe7	emb|LT985878.1|	94.323	99	1	228	232	456	229	6.22e-95	346
b22b2529bb02fcbb3215874831c2991a	emb|FM992389.1|	90.500	86	1	197	378	574	200	8.33e-69	259
b23dbec60222bb4a3c646342af905aca	emb|FR750168.1|	89.916	99	1	228	412	648	238	6.35e-80	296
b365b2168e4b9553b5d2cecc69d3dca4	gb|MN114116.1|	93.074	100	1	230	209	437	231	1.35e-91	335
b3c82b8a890bea7e142796014e830a25	gb|DQ317636.1|	96.429	61	1	140	203	341	140	6.53e-60	230
b42a70c49a1d4a018d8eeee88644d960	gb|EU379214.1|	96.296	59	1	135	232	366	135	1.09e-57	222
b4ad28418cc2f01cf26836df6577a175	gb|JN882326.1|	97.973	64	1	147	304	451	148	1.08e-67	255
b4b19db4eb9fe4b678fe245735b1f270	gb|AY997055.1|	88.053	95	1	219	196	415	226	1.08e-67	255
b4b4070b182da3221eec676cd12cbb6f	gb|KP004448.1|	99.565	100	1	230	244	473	230	3.61e-117	420
b5293a1e5ce7ab55263531c89d648802	gb|AY997057.1|	89.474	41	1	95	340	434	95	4.10e-27	121
b544ae40d0bee409f4d71380e7248820	gb|AF444566.1|	93.011	81	1	186	195	379	186	3.85e-72	270
b56f55433fa7d5f54a3a58c705015db6	gb|EU379213.1|	96.970	57	1	132	251	382	132	1.09e-57	222
b651d86712cd2fe3f832d227dfe3e390	gb|AY899273.1|	99.565	100	1	230	314	543	230	3.61e-117	420
b683c724508c342ea9a5670dc3a5bd2b	gb|MH827070.1|	99.130	100	1	230	257	486	230	1.68e-115	414
b7418791055e0589b0245b4568490f8f	gb|MN114116.1|	90.171	100	1	230	209	439	234	1.77e-80	298
b77c2e979709c20e59e01d7eaec1041a	gb|AF444319.1|	97.826	100	1	230	220	448	230	6.09e-110	396
b79ffefe7f0ace9777fd6b414c3eddec	gb|DQ494363.1|	96.203	69	1	158	209	364	158	3.00e-68	257
b7e1f8f8fb24b36b1f9f9127e6655375	dbj|AB032667.1|	100.000	100	1	230	210	439	230	7.76e-119	425
b7eb65f7cf3698bd3fe1788d5d6ed7fb	gb|AY997057.1|	84.091	57	1	130	340	468	132	1.14e-27	122
b841e151b4b735764bd9aa69a562cf20	gb|HQ630347.1|	93.401	86	1	197	198	388	197	3.82e-77	287
b8dd52acbc844b1ea4abacf3e190f523	gb|MH827070.1|	95.652	100	1	230	257	483	230	4.77e-101	366
b8eba8a302c016e8570e1349bd616344	gb|KY511430.1|	89.130	99	1	229	237	463	230	4.94e-76	283
b9359b5d25b888280f8f56001350d077	gb|DQ494371.1|	95.679	70	1	162	257	418	162	2.32e-69	261
b9f3e685b5ba4981ec04803c526488d6	gb|AY776168.1|	87.437	85	1	195	308	504	199	3.04e-58	224
bb0e5c2be0ef239c01a60d9f3431056f	gb|HQ630358.1|	89.947	82	1	188	180	364	189	1.09e-62	239
bc02a3d016bf73267f2a806d4e06601f	gb|HQ533008.1|	93.805	98	1	226	252	476	226	1.04e-92	339
bc8f3b5a272481eecd204632a78202b4	emb|FM992388.1|	94.521	63	1	146	375	520	146	8.45e-59	226
bdc89d4d4bcf52244d8054f1fbf2e3d3	emb|LR596344.1|	97.260	63	1	145	348	492	146	6.49e-65	246
bdce7b3b609cbf764b7b9a0d0147a2d3	gb|MT380877.1|	87.660	100	1	230	143	374	235	4.98e-71	267
be7a1c1e36f40806c8f34292f900b3da	gb|HQ179660.1|	87.712	99	1	228	174	405	236	1.79e-70	265
be7e224e0fec4aff95276086e0ba8edb	gb|KP174856.1|	100.000	100	1	230	226	455	230	7.76e-119	425
be8a1a4d203b466680824c71db396fd9	gb|MZ221601.1|	91.342	100	1	230	237	467	231	1.75e-85	315
bece9daf73c1b75a34bd6ce4388a59e0	gb|KF360391.1|	95.238	73	1	168	189	354	168	1.79e-70	265
bef8e36b3100fc9b45067ff9c95ee4ba	gb|KU739791.1|	91.775	99	1	228	428	658	231	1.36e-86	318
bf349b3600b0ee6bf39b3bcb5a9e418f	gb|MH859323.1|	94.348	100	1	230	190	418	230	1.34e-96	351
bfba4ddbeec023210b13efcd26116fb8	gb|MN114116.1|	91.304	99	1	229	209	435	230	2.27e-84	311
c06ff16628e724cf248570e522c1ab96	gb|KT222431.1|	95.625	70	1	160	717	874	160	1.08e-67	255
c11e7a819ecfc242dba3a7f04089a5c3	gb|EU910057.1|	100.000	100	1	230	255	484	230	7.76e-119	425
c265fc81a9c9ed514d46feb820cf0f36	gb|MN114116.1|	97.674	75	1	172	209	380	172	6.35e-80	296
c26b4645462f0bdaf11312df3740a31c	gb|DQ480730.1|	97.546	71	1	163	263	423	163	2.30e-74	278
c2d4ec624191ede5db9000c73839568c	gb|JAIWNF010000168.1|	86.170	41	2	95	2088	2181	94	1.49e-21	102
c31aadb72148cfa01b6e38714efd18a2	emb|LT985878.1|	96.137	100	1	230	232	464	233	2.20e-104	377
c4b386a8cd60455032597da9fc9fc9eb	gb|JN383490.1|	100.000	100	1	230	213	442	230	7.76e-119	425
c55ddb94f5bf427ed4f1cf39e3330b45	gb|KY173426.1|	93.333	59	1	135	178	312	135	5.12e-51	200
c5d7ff3b95ba025f5ce2777e43059bae	gb|GU237887.1|	97.209	93	1	214	170	384	215	6.17e-100	363
c6d5bee829343ba4562e8187c85f8e2b	gb|MH856589.1|	96.203	69	1	158	205	362	158	8.33e-69	259
c70f03e7ca720c81569a4b384fefb9a8	gb|JN206387.1|	95.489	58	1	133	208	340	133	6.58e-55	213
c79ef435868fa6741be5fce7d9ceaca8	gb|AF033399.1|	94.819	83	1	192	205	397	193	4.91e-81	300
c7d71ff1256fe995a504abdea2fb0db5	gb|JN943809.1|	94.521	63	1	146	475	619	146	3.04e-58	224
c7e3ec5132f03f4db7ed7c102f9a0cec	gb|JQ906757.1|	100.000	100	1	230	196	425	230	7.76e-119	425
c8db9c86af7e00a1784d7113affa8fe2	emb|HG003669.1|	99.130	100	1	230	228	457	230	1.68e-115	414
c8f62794e6768237fb110d905020362a	gb|KU163658.1|	98.696	100	1	230	272	501	230	7.82e-114	409
c8fed8534cd3feccef80078ea197d901	gb|MF510830.1|	94.904	68	1	156	136	292	157	2.33e-64	244
c92cf9e4778768e08b563bc2f5070ab0	emb|FM992388.1|	88.496	96	1	221	375	597	226	4.98e-71	267
c9b2c71d9ae24d516709bdc6dfc4e681	gb|EU484277.1|	96.522	100	1	230	256	482	230	2.20e-104	377
c9ebc8df944909c53d3c8fe0af6f5561	gb|AY997069.1|	89.916	100	1	230	155	390	238	1.77e-80	298
ca0aacf7a6cad6b8c327121fe11c49e2	gb|AF106531.1|	93.363	98	1	225	870	1093	226	1.74e-90	331
cb75b4902630525448faa0be972e5680	gb|MT853065.1|	89.610	99	1	227	179	407	231	1.06e-77	289
cbbc41d631dd2c53e9d48c7bb349edc3	gb|AY527405.1|	92.574	87	1	201	221	421	202	1.06e-77	289
cbdc8ef8a7449becb467835bad12a485	gb|KJ710461.1|	90.045	96	1	220	245	463	221	4.94e-76	283
cbe13cdd5df6cafbb9fc828614ae9832	gb|MN619691.1|	87.124	98	1	225	189	419	233	1.08e-67	255
cc71dd941f481e551f31f28c49d2a1e4	emb|LT899794.1|	100.000	100	1	230	198	427	230	7.76e-119	425
cca9051402a74285640a730a7567c895	gb|AF444339.1|	100.000	100	1	230	207	436	230	7.76e-119	425
ccb06582b1e8b9239909c55e39e2571d	gb|HQ630313.1|	91.975	70	1	161	169	327	162	3.04e-58	224
cd2635f50aa4677141871fcf79130b8a	emb|FM992388.1|	94.521	63	1	146	375	520	146	8.45e-59	226
cd5e9aa90fdd4d287c554a29bf4641c7	gb|AY776168.1|	95.973	64	1	148	308	456	149	3.02e-63	241
cd6b3e3dbc6fd32ab0b04be04b5484a2	dbj|AB126047.1|	83.206	56	1	129	2275	2404	131	5.31e-26	117
cdcfeea3d0079de163fcc4438f809d11	gb|AY015432.1|	89.844	56	1	128	205	332	128	1.87e-40	165
ce058a5e5227602c5431f7ba72b98cab	gb|AF444319.1|	99.565	100	1	230	220	448	230	1.30e-116	418
ce09ce01a9d0d33ac3dd607da91d7515	gb|AF444319.1|	100.000	97	9	230	210	431	222	2.17e-114	411
ce759d591bab474a12420f60d124955b	gb|KT215240.1|	98.305	77	1	176	560	736	177	8.16e-84	309
ced12976e27a44c3a3b6bbb6e9d7237f	gb|KU850520.1|	100.000	100	1	230	205	434	230	7.76e-119	425
cf26b6f15d5d1a2784cb72f1a83734cc	gb|KP641179.1|	100.000	81	1	187	231	417	187	6.22e-95	346
cf6193184d4b50f363fcc969485d237d	gb|KU846289.1|	97.021	100	1	230	228	462	235	2.83e-108	390
cfc24bb6458d444e84e6fcbbb20e4f85	emb|FR750364.1|	90.135	95	1	219	406	621	223	6.40e-75	279
d0d9c9e2a8595ccab2ceaa7dac1720b2	gb|MW355011.1|	89.407	100	1	230	204	434	236	1.06e-77	289
d0dbd79c0c302b97d8bf9d857b837931	gb|JQ797527.1|	90.385	90	1	208	224	424	208	4.98e-71	267
d13b154313182ad32cdbb9b0bc13e52b	gb|KY352465.1|	93.750	56	1	128	175	302	128	8.57e-49	193
d1603863c1ef3ff3fc3b4e642b79eb61	gb|MH860031.1|	94.667	64	1	147	225	373	150	6.53e-60	230
d17974dc59328f1f050f6962a3c8d664	gb|AF444350.1|	100.000	100	1	230	216	445	230	7.76e-119	425
d1c6bdba966d0197fcc99900ba0796d2	gb|MH836338.1|	88.839	95	1	219	229	449	224	1.38e-71	268
d1d9bc058d5159a25519ad3969068dd2	gb|EU379201.1|	97.826	60	1	138	218	355	138	1.09e-62	239
d215fad9827700cb25c081006dcf3298	emb|FN547510.1|	88.889	100	1	230	411	638	234	6.40e-75	279
d290e9ddf0e58e18e8d8683c7835fba2	gb|KY511430.1|	91.630	98	1	226	237	462	227	6.31e-85	313
d2ea8bc1f8adb64a2d798d14780f3801	gb|JN943809.1|	98.667	65	1	150	475	623	150	1.79e-70	265
d36ea9f3429fac74bf393efd81b78f95	gb|KX387318.1|	90.625	42	1	96	306	401	96	2.45e-29	128
d4944330e6d7b6d8ccd3f4bb2018293f	gb|MT223824.1|	98.246	74	1	171	228	397	171	1.77e-80	298
d5069fb2b2adeaf7388f6808635fc8ea	gb|KX019807.1|	94.444	63	1	144	288	431	144	1.09e-57	222
d5ae7596d23c3c200736d543c403c46f	emb|FM992389.1|	88.496	96	1	220	378	601	226	4.98e-71	267
d5ae899866ca3fd3e60990eabc61da5e	gb|JX069868.1|	88.889	70	1	161	231	392	162	1.84e-50	198
d5f1bc111a790ff866330d651e9738b4	emb|FM992389.1|	88.938	96	1	220	378	601	226	1.07e-72	272
d65f94b5ecb86ed99e3e85c1dd621ecc	gb|JF740221.1|	90.830	99	3	230	215	442	229	1.06e-82	305
d66afa9221ab1cacce2bf2638d07bbed	gb|OK159917.1|	96.491	99	1	228	300	527	228	2.20e-104	377
d6922b1a2e0f39c1e7496fbdcbfa6488	gb|JN882326.1|	98.649	64	1	147	304	451	148	2.32e-69	261
d7470d59b97ed5d825182bf7ce8c58e4	gb|JQ797527.1|	91.707	89	1	204	224	424	205	6.40e-75	279
d7b067a27e6d9bc0f958600f2ff0a7d8	gb|AY997057.1|	90.526	41	1	95	340	434	95	8.82e-29	126
d7ba13572572d5c65a35863504fd8f2d	gb|AY997057.1|	90.426	41	1	94	340	433	94	3.17e-28	124
d7d7dd547a24c786764093dadc7bc15c	gb|JQ796369.1|	90.132	64	2	149	1825	1971	152	1.11e-47	189
d827b176e6d0c3004e7a04670ec75aa7	gb|MK047437.1|	96.212	57	1	132	256	387	132	5.09e-56	217
d857d34697047e3b40b5bcffc890d6cb	dbj|AB030327.1|	88.372	56	1	129	207	334	129	4.04e-37	154
d8aa065b94f7b9645d9745a1ce134c15	gb|MF860812.1|	88.889	97	1	223	278	497	225	3.85e-72	270
d925b34f5def23edf33a459cef5ecc59	gb|KF951791.1|	100.000	99	1	229	210	438	229	2.79e-118	424
d96a4de0b04fba9e3b49541e7862f732	gb|MH118116.1|	91.304	69	1	159	250	410	161	1.41e-56	219
da37cdf7491fb98e58e64a4d3a0ff082	emb|HG003669.1|	98.696	100	1	230	228	457	230	7.82e-114	409
da5659cf3897c9e905a1d83c0273887f	gb|JX454802.1|	98.696	100	1	230	260	489	230	7.82e-114	409
dbc3b01a02113bb0c30d5fada4898c6f	gb|AY997045.1|	100.000	58	1	133	194	326	133	6.49e-65	246
dbca518e26943def5b33558560f708cb	gb|MH862552.1|	100.000	100	1	230	219	448	230	7.76e-119	425
dbe4cddecb99f9363b2e4070e8d25a48	gb|EF026150.1|	90.972	63	1	144	300	443	144	2.38e-49	195
dbebf15487b26932e86f5ab71fd9f206	dbj|AB030327.1|	89.147	56	1	129	207	334	129	8.69e-39	159
dbfe52fd2caeed76d97bfd47b66ff42e	gb|MT741715.1|	90.871	100	1	230	217	457	241	6.31e-85	313
dc40585b653d4a2552760dfb7a2cf160	gb|AY997089.1|	85.870	40	2	93	361	452	92	1.92e-20	99.0
dd522397276a23d926a5571386f54d64	emb|LR596344.1|	87.243	100	1	230	348	587	243	6.44e-70	263
dd8dff9e621cc5def7f3f9e2cd3abe74	gb|MK391518.1|	87.013	100	1	230	242	470	231	3.00e-68	257
dda7b4328f8a432f682e73996f9d3cb0	gb|KY352465.1|	96.732	66	1	152	175	326	153	3.88e-67	254
ddc29ab058713e74d86e431240393724	gb|DQ885906.1|	96.522	100	1	230	319	548	230	1.70e-105	381
de68310dd66720a299dde05745a1d1e7	gb|KF777163.1|	93.299	83	1	190	267	460	194	4.94e-76	283
dec8252e2d9535a61ef67cc8ae492ee9	gb|EU379213.1|	97.727	57	1	132	251	382	132	2.35e-59	228
df7e0890dee147f8eadb7bcb6b496bba	gb|DQ885906.1|	96.957	100	1	230	319	548	230	3.66e-107	387
e0b7f1b65f64b5b2678fb7dd67a5081b	gb|MN860551.1|	99.565	100	1	230	143	372	230	3.61e-117	420
e0b9fd0db58c5f2c234cc9fee776b098	emb|HE672148.1|	90.517	100	1	230	190	419	232	3.80e-82	303
e144c14b3b584ba4269a082447f21b43	gb|FJ827743.1|	97.241	63	1	145	303	446	145	2.33e-64	244
e18ba3b6ac7f31989a5df895be8dbead	gb|KT950850.1|	91.775	100	1	230	348	571	231	1.75e-85	315
e1a6b3c348c915c7ecc1e33edb84ad1b	emb|FM992388.1|	94.521	63	1	146	375	520	146	8.45e-59	226
e1bbd1883e7552e0b5979f28ae010b35	dbj|AB915387.1|	95.614	99	1	227	153	380	228	1.72e-100	364
e2222c1c7041a0200ea4fed4151fcb29	gb|KY103140.1|	94.697	57	1	132	334	465	132	1.10e-52	206
e2401ccbdaaec48877ee34498cd3b3ff	gb|KC005773.1|	90.756	100	1	230	302	539	238	2.27e-84	311
e28c1f91957f5b436689e0da9ade7954	emb|FN547485.1|	98.268	100	1	230	424	652	231	1.31e-111	401
e3223a9798c009efef76893b3f51711d	gb|EF669702.1|	93.396	92	1	212	200	408	212	2.27e-84	311
e3523451c05ee75e3b58e36bf13c5273	gb|OK664704.1|	93.902	71	1	164	248	410	164	6.49e-65	246
e369b48d5b7e87507567bf7ac0e9f70f	gb|MT310606.1|	97.345	98	1	226	208	432	226	4.74e-106	383
e454cdef497d00a4409ac2103fcc6619	gb|HQ630340.1|	100.000	100	1	230	177	406	230	7.76e-119	425
e4a07a4e4a8353ffe914cb5febc00653	gb|KC222130.1|	92.672	99	1	229	206	435	232	6.26e-90	329
e4be1d7fd54d2d285c7d31516fd408c6	dbj|AB904505.1|	93.478	100	1	230	227	456	230	8.04e-94	342
e4c20a21a4597aec160ecccdc3a24895	gb|MF190120.1|	96.000	76	1	174	252	426	175	4.94e-76	283
e54142e571de5aa3d5cde1780ba20220	gb|MK050344.1|	90.226	58	1	133	1977	2109	133	3.10e-43	174
e5e9a6767e9ec7777c100e9065d74dfc	gb|MH327796.1|	96.957	100	1	230	238	467	230	3.66e-107	387
e6466bf20b699adefd9ba37c28785b83	emb|CAEVNN010001171.1|	84.848	99	1	229	1939	2163	231	8.45e-59	226
e6c3e9db3851d419b90c44cac23ac5f2	gb|AY624193.1|	95.652	100	1	230	167	388	230	6.17e-100	363
e6da12b9d06c522b982b89f40aa670a1	gb|MK876383.1|	95.050	88	1	202	206	404	202	1.75e-85	315
e6ef6fc6a39581b6616037063aec94c3	gb|MW484989.1|	96.364	72	1	165	177	340	165	3.85e-72	270
e6f6948f098a1fd201f0215885461097	gb|JN943809.1|	96.552	63	1	145	475	618	145	1.09e-62	239
e74fd7785175e963994b29c9e68beb02	gb|HQ630338.1|	91.566	72	1	165	176	338	166	8.45e-59	226
e78beff1770a22858c85697e046e2cdd	gb|HQ630347.1|	93.401	86	1	197	198	388	197	3.82e-77	287
e790be0c26dede658013b9720bf6b5e2	emb|AJ629396.1|	94.397	99	1	228	247	478	232	3.72e-97	353
e7af32a738609afb02de78cdffa34dba	gb|MF510830.1|	94.904	68	1	156	136	292	157	2.33e-64	244
e896c77195cb684c45d4a1457bac6933	gb|KU647733.1|	94.142	100	1	230	305	542	239	1.03e-97	355
e8b62040f34ae58e3cb7c5f629d1e00f	gb|MF510830.1|	94.904	68	1	156	136	292	157	2.33e-64	244
e90c975fea5bfe99dd606e2365449b83	gb|KJ710461.1|	90.045	96	1	220	245	463	221	4.94e-76	283
e926ce913c347bb042fd5ad9197293c5	gb|DQ536494.1|	99.167	52	1	120	156	275	120	5.09e-56	217
e941bd1ab8893ee127037880ed64ba29	gb|AY624193.1|	99.444	78	1	180	167	345	180	8.10e-89	326
ea5ef96c1b731f43698b1a379db2ce76	gb|AY943061.1|	96.957	100	1	230	187	416	230	3.66e-107	387
ea9bb6da3e71d24b40e9a2a01767a60d	gb|MT651560.1|	92.344	89	1	205	1016	1221	209	2.95e-78	291
ec208ba7608507318debc904f69400f1	gb|FJ807683.1|	97.391	100	1	230	172	400	230	2.83e-108	390
ec65cb37c50444990b5f237d4bcda123	gb|EF394855.1|	99.127	99	1	229	242	470	229	6.04e-115	412
ec93ab7416453699f66736903e422ff9	gb|AY015433.1|	89.922	56	1	129	202	330	129	5.20e-41	167
eca45a84da2f713b8ba9c1e1a621c244	gb|JQ239407.1|	91.880	100	1	230	156	388	234	1.05e-87	322
ed318de07dd1f0f684e5f2565ebdaf28	gb|KF810121.1|	96.818	96	11	230	294	513	220	1.33e-101	368
ed5701a862664c9c0b26b909d06392c4	gb|MZ595897.1|	92.377	97	1	222	212	424	223	2.93e-83	307
ed6287e2e7ad4d518a2b6cb6b1bc9bcf	gb|EF392534.1|	95.279	100	1	230	232	461	233	1.72e-100	364
ee1627b890a3bbb01423442d47fcca78	gb|MT223824.1|	98.817	73	1	169	228	395	169	4.91e-81	300
ee67c1683fbfb8991591482986350efd	gb|EU379213.1|	93.197	64	1	147	251	395	147	1.83e-55	215
eef017bef6bd44bb3e5de9553e08058d	emb|LT904725.1|	94.348	99	1	229	199	423	230	1.73e-95	348
eef860e5c32bff1c66820b0c829d051b	gb|MN994585.1|	97.826	100	1	230	236	464	230	6.09e-110	396
ef06187cf925a9efc31d47b927473e46	gb|MZ064414.1|	92.208	100	1	230	239	466	231	2.91e-88	324
ef32209898393664de450fa379c89bfb	gb|MH718303.1|	98.696	100	1	230	182	411	230	7.82e-114	409
ef7c227961c2ab5d0bcd422a6fb6805b	gb|FJ822974.1|	90.446	68	1	157	285	438	157	3.96e-52	204
f00ae944f15d6ec8533b2e227430c4e6	gb|JN206003.1|	97.826	100	1	230	238	465	230	6.09e-110	396
f0231e204fee56edfa4af6c22342d222	emb|FM992388.1|	93.750	63	1	144	375	517	144	1.83e-55	215
f03e97727cd243af12f5fb950e46448a	gb|JN206387.1|	95.489	58	1	133	208	340	133	6.58e-55	213
f09ac1742ca68c19be2f997322a8de19	gb|JN882326.1|	98.649	64	1	147	304	451	148	2.32e-69	261
f0a25bf2e7d760cfc3bfe40df8f75997	gb|JN943809.1|	95.946	64	1	147	475	622	148	1.09e-62	239
f0a25e29faaa54d244c23f0cad453616	gb|MT380877.1|	88.412	100	1	230	143	372	233	8.27e-74	276
f1101c8ac75df7343dc1b5057c89bc9c	emb|FM992388.1|	95.205	63	1	146	375	520	146	1.82e-60	231
f17ddf2cb9fde1ba652816fe2b5aa6b7	emb|HG003669.1|	99.565	100	1	230	228	457	230	3.61e-117	420
f294b4143557e2bf62030b040426904d	gb|DQ494371.1|	95.679	70	1	162	257	418	162	2.32e-69	261
f2cf13f094904697577eada2f7a95326	gb|HQ630346.1|	95.633	99	1	229	205	429	229	1.72e-100	364
f31a49a9283551c0861cc669172218f8	gb|JF747110.1|	96.567	100	1	230	219	450	233	4.74e-106	383
f41e8ad66aa3b5052f59b7ea26215ba9	gb|OK664723.1|	97.391	99	1	229	204	430	230	1.02e-107	388
f461b909d0388816ae6a2ef538682d70	gb|MF964321.1|	99.127	99	1	229	242	470	229	6.04e-115	412
f465dac13577028595aa6e5bcbe18cc4	gb|KF777182.1|	94.828	99	1	228	273	504	232	7.99e-99	359
f4ccf710f62ce3addd56e559649c94a3	gb|FJ196771.1|	99.130	100	1	230	193	422	230	1.68e-115	414
f549e34de4d49ec3cf6a8ee6081ace1e	gb|KT215283.1|	97.203	62	1	143	975	1117	143	8.39e-64	243
f550d4717a18e8f97c71c9db7ddd9ef9	gb|AF178511.1|	99.563	99	1	229	208	436	229	1.30e-116	418
f5fcd39cb4d84fc1dee7423bbad03e08	dbj|AB972802.1|	89.030	99	1	229	291	525	237	1.37e-76	285
f6758e7285d33212ebab5fcbf4cff6c6	gb|JANSHE010000192.1|	89.520	97	1	224	2024	2251	229	1.37e-76	285
f6aac75fda41b0d6bd606b8a4084141c	gb|FJ824769.1|	93.534	100	1	230	257	485	232	2.89e-93	340
f6bbe3dc824bb810a32f9bafa115aff2	emb|FR750168.1|	90.756	99	1	229	412	648	238	8.16e-84	309
f71457ae905eb435be8d77a91d8d678d	emb|LR596344.1|	97.945	63	1	145	348	492	146	1.39e-66	252
f723380e31f49b3a7e8b1b70c03c8519	emb|FR750168.1|	89.916	99	1	228	412	648	238	6.35e-80	296
f784c3b938ec99882158fa90e19163ff	gb|MG828913.1|	99.119	99	1	227	197	423	227	7.82e-114	409
f78cebcffb4cb6c053cf5d9680b88b0f	dbj|AB904505.1|	93.043	100	1	230	227	456	230	3.74e-92	337
f7f0e6e2a01560d573112038906b647d	gb|GQ154547.1|	91.667	98	1	225	199	422	228	8.16e-84	309
f8bf4bc911554559de706a939253cf6e	gb|HQ533008.1|	93.805	98	1	226	252	476	226	1.04e-92	339
f91080c1da78f60244be5902c00abe78	gb|OL630101.1|	99.130	100	1	230	321	550	230	1.68e-115	414
f9681e936aa9c60354a50360376e28f0	gb|AF444469.1|	100.000	100	1	230	186	415	230	7.76e-119	425
fa280def9f65014e0bd93931cb2ad69a	gb|KJ432292.1|	91.342	100	1	230	254	483	231	1.75e-85	315
faef2369abeb8c46996ee8316346339e	gb|MW377315.1|	90.870	99	1	227	232	454	230	4.91e-81	300
faf0866cc7bcaa3883f993a5d806a555	emb|FM244909.1|	94.783	100	1	230	223	449	230	1.03e-97	355
fc3474440a0b9c8d45f964d0b78d0a95	gb|DQ286766.1|	99.134	100	1	230	200	430	231	1.68e-115	414
fc8df9ced7ab87cda93d7322ce5a91b1	gb|AY997055.1|	88.496	95	1	219	196	415	226	2.32e-69	261
fd02e16be5ce437a7d3de8b73b3b7cc4	dbj|LC194474.1|	96.537	100	1	230	190	419	231	1.70e-105	381
fdb5265e1874b13794ec9e4d40da2644	gb|MG012699.1|	98.696	100	1	230	217	446	230	7.82e-114	409
fe0d0838d17fa5c5dd7d3b641a1843d4	gb|MW377315.1|	91.304	99	1	227	232	454	230	1.06e-82	305
fe3532ad063b0901007dc050a9b7f3ef	gb|AY776168.1|	97.315	64	1	148	308	456	149	1.39e-66	252
fe55321ee812e6e7b250feea9207f3ce	gb|DQ494688.1|	86.905	71	1	164	302	465	168	1.86e-45	182
fe97104ddd1d0738fead27257ac9dc6c	gb|DQ389688.1|	98.261	100	1	230	323	551	230	1.31e-111	401
fec5b3d3cad72c3378e1f2808fc41219	gb|KX387318.1|	90.625	42	1	96	306	401	96	2.45e-29	128
fee35702f6b059057cfd88699ea3b75c	gb|HQ630358.1|	89.947	81	1	186	180	364	189	3.90e-62	237
ff4967f299c2ae0097ade61968f73fa0	gb|AY997057.1|	89.474	41	1	95	340	434	95	4.10e-27	121
ffac6f5fa562ac29a28a0b9d730f79b0	dbj|LC146748.1|	98.611	63	1	144	205	348	144	1.08e-67	255
